9978,Jonathan Hester,evening
3405,Charles Lewis,evening
8987,William Cabrera,night
1182,Terry King,morning
1244,Jason Rodriguez,morning
7584,Natalie Ward,evening
4926,Catherine Tucker,morning
5772,Robert Gonzalez,night
9975,Calvin Simon,morning
2166,Pamela Martinez,morning
2318,Deborah Barrett,morning
2943,Jason Owens,night
779,Elizabeth Chavez,night
3929,Jason Arnold,evening
911,Susan Jackson,night
6546,Aaron Crawford,evening
5263,Briana Ferguson,evening
6983,Christina Macias,night
149,Christine Young,night
7284,Thomas Mcdowell,morning
4670,Kimberly Fields,evening
9558,Michael Marquez,evening
4305,Julie Robinson,night
8149,Sabrina Le,morning
5062,Matthew Johnson,evening
4030,Lisa Gallagher,evening
7126,Madison Johnson,night
7050,Brian Terry III,evening
5404,Nicholas Gonzales,evening
8113,Kathryn Anderson,night
3436,Frank Wells,evening
5518,Tracey Newman,evening
3356,Richard Zimmerman,morning
7702,Chad Reeves,evening
1050,Sherri Watts,night
371,Jeffrey Hoffman,morning
2850,Robert Lopez,morning
7554,Patricia Smith,morning
3962,William Turner,night
1620,Helen Kelley,morning
7198,Daniel Nelson,morning
593,Rachel Monroe,night
1384,Jeremy Garcia,morning
6856,Michelle Brady,night
6088,Stacy Lopez,morning
9507,Jordan Collins,morning
5469,Ashley Mason PhD,morning
4560,Linda Carr,evening
6463,Allison Boyd,night
9713,Brandon Allen,morning
270,Kevin Vaughan,night
5,Lindsay Martinez,evening
323,Elizabeth Ayers,evening
3950,Jackie Smith,night
5541,Laura Hernandez,evening
7434,Jessica Everett,evening
8873,Sergio Johnston,evening
5680,Emily Mitchell,night
4812,Rebecca Brown,morning
3632,April Allen,evening
8349,Teresa Torres,evening
4302,Jessica Brown,night
5576,Whitney Ruiz,morning
3041,Emily Wilkins,evening
1152,Kenneth Wheeler,evening
2464,Jamie Osborne,evening
7204,Paula Graham,evening
4355,Michelle Cameron,morning
1679,Brandon Nielsen,evening
1675,Derrick Fox,evening
3790,Michael Hood,morning
6287,Angela Flores,night
8409,Kristen Anderson,night
9319,Erica Knight,morning
344,Aaron Murray,night
8613,Timothy Hart,evening
4686,Brian Floyd,evening
1193,Gregory Armstrong,evening
6878,Raymond Lang,morning
2765,Andre Williams,evening
788,Benjamin Davis Jr.,morning
6189,Patricia Lambert,morning
7607,Theresa Rosales,morning
4867,Jessica Berry,morning
4034,Laura Harding,night
1542,Travis Oconnor,evening
937,Marcus Medina,morning
3392,Elizabeth Ramirez,night
7963,Christopher Hall,night
2818,Edgar Hurst,night
7030,Paul Robles,evening
4826,Kimberly Rodriguez,night
1460,Scott Hunt,evening
3272,Andrew Silva,night
6093,Rebecca Carter,night
3990,Robert Garcia,evening
317,Kelly Clark,evening
6711,Nathan Cox,night
2246,James Welch,evening
5359,Tina Castaneda,night
7445,Zoe Alexander,morning
8471,Bradley Brown,evening
528,Laura Washington,morning
1125,Sheri Anderson,evening
9742,Curtis Green,morning
2255,Jeanne White,night
2824,Mark Murphy,morning
7417,Jane Harrington,evening
6431,Mitchell Hunt,morning
36,Michelle Watson,morning
2165,Angela Matthews,evening
4574,Joshua Hancock,evening
6185,William Lindsey,morning
5684,Angel Davis,evening
3715,Alexander Silva,morning
2128,Dr. Justin Smith,evening
2202,Timothy Wells,morning
6833,Troy Jenkins,morning
327,Eric Scott,night
5177,Brenda Molina,night
4258,Elizabeth Rivera,evening
415,Maureen Lloyd,evening
9801,Joseph Ritter,morning
1827,Earl Perry,morning
1831,Michael Kent,evening
8700,Mathew Evans,night
5369,Bruce Perkins,night
9915,Kevin Fields,morning
9303,Debra Mcgrath,evening
868,John Lucas,evening
4832,Damon Collins II,night
7034,Amanda Richardson,night
7421,Cynthia Lewis,night
5428,Abigail King,night
3144,Mary Flores,morning
5865,Miss Kim Allen,evening
3887,Charlene Moore,evening
8490,Rebecca Ferguson,evening
2304,Eric Guzman,morning
806,Carla Pearson,morning
382,Elizabeth Sims,night
2256,Nathan Serrano,morning
4215,Austin Rhodes,evening
9338,Anthony Ramirez,night
9562,Renee Phillips,evening
8037,Alan Cochran,morning
575,Brandy Avila,evening
7694,John Malone,morning
3006,Sarah Peters,morning
4802,David Navarro,evening
8054,Gary Foley,evening
260,Randy Perez,night
2066,Glen Franco,morning
2515,Eric Olson,morning
2991,Lisa Allen,morning
2637,Natasha Rogers,night
3902,Kevin Singh,evening
3973,Felicia Elliott,night
7263,Daniel Hudson,evening
8946,John Haynes,evening
5376,Anthony Downs,night
5979,Maria Shepard,morning
7123,Ann Gomez,evening
4773,Nathaniel Mack,evening
7329,Kristin Davis,evening
3743,Teresa Ramos,night
7431,Misty Warren,evening
2357,Michael Jones,night
2118,Shelby Macias,evening
3849,Ryan Lee,night
8175,Matthew Hanson,morning
4137,Jamie Butler,evening
3762,Jeffery Ellis,night
2181,Robert Taylor,evening
3519,Aaron Christensen,morning
2821,Nicholas Crawford,evening
203,Mary Brown,night
2605,Miranda Wheeler,evening
8962,Anthony Pierce,morning
5025,Aaron Kramer,night
7436,Christina Alexander,evening
1377,Jon Mcintosh,evening
5107,Jodi Greene,evening
8229,Colleen Soto,morning
6005,Tiffany Lee,night
9822,Michael Travis,night
9327,Mr. David Rodriguez,morning
3724,Vicki Moreno,night
208,Lisa Frederick,evening
3001,Justin Gomez,morning
7136,Tracy Lewis,night
7265,Steven Walter,evening
8207,Christopher Franklin,morning
6265,Mary Delgado,night
4806,Larry Lowe,night
3711,Katherine Peterson,evening
7592,John Short,night
7017,Melissa Wilson,night
8900,Ryan Horn,evening
3895,Deborah Wiley,evening
7330,Teresa Richardson,morning
2371,Pamela Green,morning
6186,Darrell Fuller MD,night
7065,Erin Camacho,morning
8319,Mallory Walker PhD,night
167,Dr. Joseph Schmidt DDS,evening
2585,Patricia Grant,morning
8663,Norman Bray,morning
1625,Mary Mckenzie,morning
7256,Brianna Campbell,night
1213,Jorge Harris,evening
5237,Brian Butler,night
1860,Allison Franklin,night
6053,Robert Lindsey,evening
6004,Richard Adams,night
3954,John Alvarez,night
1905,Andrew Scott,morning
2051,Nicholas Kelley,morning
5905,Luis Anderson Jr.,morning
2641,Kevin Morris,morning
5753,Joshua Davila,night
3493,Todd Armstrong,morning
8372,Raymond Padilla,night
3094,Jessica Sloan,night
984,Michael Smith,morning
3163,Jeremy Miller,evening
1044,Scott Hernandez,morning
266,Joshua Watts,night
7268,Peggy Baker,night
1279,Julia Brennan,night
3231,Thomas Arias,morning
8233,Tammy Lawrence MD,night
1457,Carl Hopkins,morning
4538,Mark Sanchez,morning
3616,Nina Rodriguez,morning
3552,Monica Boyer,night
729,Mia Salas,morning
9092,Emma Owens,evening
5442,Patrick Gonzalez,morning
2581,Lawrence Brown,evening
7183,Thomas Valenzuela,morning
582,Mrs. Connie Brown MD,night
6710,Katie Alvarez,night
1636,Brandi Rowe,night
2082,Trevor Warren,morning
8621,Raymond Green,evening
7252,Veronica Larsen,night
7374,Nicole Richardson,night
6837,Kristen Roberts,night
4808,Meghan Johnson,evening
7594,Ronald Young,night
1580,Joshua Ellison,morning
3222,Mary Lam,night
8363,Dennis Green,morning
1703,Kyle Smith,evening
7275,Lisa Williams,evening
6610,Kimberly Thompson,evening
1634,Adrian Taylor,evening
2157,Eric Mills,evening
9205,Melissa Graham,night
9609,Christina Holmes,night
2927,Cory Watkins,night
524,Brian Duran,evening
8280,Krista Johnson,morning
1832,Daniel Johnson,night
9515,Alisha Goodman,night
2799,Richard Rodriguez,evening
522,Jill Rhodes DVM,morning
9773,David Taylor,evening
9521,Alexa Rogers,evening
302,Deborah Knight,night
7539,Christine Davis,evening
9612,Anthony Pierce,night
5886,Kathleen Floyd,night
335,Margaret Newman,night
9139,Jessica Miller DDS,evening
2453,Alejandro Arnold,evening
8612,Jennifer Buck,evening
1007,Jared Bradford,evening
615,Megan Fox,night
7719,Sheri Frost,evening
253,Shelly Rollins,morning
7595,Anita Marshall,morning
8307,David Silva,evening
1097,Benjamin Gomez,morning
5429,Carlos Hernandez,morning
2046,Rita Mcfarland,night
9516,Kimberly Lyons,morning
3350,Lindsay Carter,night
7079,Justin Chan,night
1640,Amy Padilla,night
2510,Austin Weaver,morning
5232,Tiffany Rodriguez,evening
9132,Dawn Rodriguez,night
2075,Nancy Hinton,evening
8401,Casey Duffy,morning
3472,Andrew Wright PhD,evening
642,Jeffery Scott,night
7636,Michelle Mcclure MD,evening
4497,Jeanette Ramirez,morning
3079,Donna Hanson,evening
4525,Brittany Wood,evening
5720,Darlene Olson,evening
4674,Victoria Marshall,night
5489,Ethan Moss,evening
1420,Sharon Boyd,evening
6370,Emily Fuller,night
949,Melissa Mitchell,night
4555,Brianna Ryan,evening
1667,Tom Hoffman,evening
3665,John Allen,night
6398,Tammy Dodson,morning
5117,Suzanne Ford,morning
7794,Megan Deleon,morning
2078,Jason Brown,morning
8141,Christopher Jones,morning
517,Amy Burke,evening
2623,Tammy Vargas,morning
3483,Brian Schmidt,night
4064,Michelle Frye,night
4248,Tyler Cruz,evening
1681,Brian Serrano,night
8761,Nancy Nguyen,night
210,John Austin,night
9603,Amanda Harrison,night
9959,Laura Lowery,morning
7119,Mary Horne,morning
9836,Bonnie Bradley,night
2276,Cheryl Allen,morning
4494,Donna Moore,evening
7647,Debbie Jensen,evening
9200,Scott Cox,evening
6237,Jamie Hughes,evening
2781,Daniel Anderson,morning
5222,Justin Brown,night
6346,Jason Foley,night
4204,Meghan Gray,morning
816,Brandi Hall,morning
8585,Paul Lamb MD,night
6628,Nicole White,night
7334,Heidi Hicks,morning
4502,Dennis Bryant,evening
4562,Alyssa White,night
7440,Dr. Oscar Holt DVM,night
1955,Lori Matthews,morning
9094,Jonathan Smith,night
5776,Kristin Tate,night
4477,Megan Martinez,evening
467,Brian Mcdonald,night
7244,Louis Shelton,morning
8045,Erin Bowman,night
124,Alicia Anderson,morning
1372,Monica Jordan,evening
1930,Jeremy Allen,evening
6282,John Burke,morning
3131,Shelley Ramirez,evening
4066,Timothy Taylor,evening
4015,Samantha Leonard,night
6260,Andrew White,evening
5823,Tracey Harris,evening
8203,Mitchell Miller Jr.,evening
9241,Marissa Jordan,evening
4927,Timothy Austin,evening
8714,Garrett Cook,night
874,Courtney Freeman,morning
9556,Natasha Thompson,night
4650,Kenneth Daugherty,morning
2796,Linda Rivas,evening
6309,Victor Noble,night
1974,Ms. Rebecca Jones,night
1854,James Bartlett,morning
8583,Jacqueline Bruce,morning
1344,Morgan Sanders,evening
793,Duane Burke,night
240,Steven Thompson,night
9446,Kara Johnson,night
6845,Miss Jessica Rose,evening
7455,Jessica Fitzgerald,morning
3855,Norman Maddox,night
3951,Kristin House,night
3554,Richard Harris,evening
9815,Wayne Richard,evening
4858,Kelly Love,morning
4918,Mary Martinez,morning
1717,Sean Thomas MD,night
5133,Jade Macias,evening
5290,William Ortiz,night
9226,Amy Bates,evening
4928,Jennifer Allen,evening
5712,James Lyons,evening
8288,Gregory Dixon,evening
4627,Erin Wyatt,morning
9452,Dr. Ashley Kim,morning
3208,Jessica Wells,evening
4236,David Tran,morning
5847,Jeremy Vasquez,evening
8718,Elizabeth Terry,night
8194,Brian Wilkerson,morning
7472,Raymond Harris,morning
8979,Sharon Carter,evening
